commit	score_before	score_after	delta	status	panel	description
eb53a2a	-	93	-	baseline	all	Initial baseline measurement
eb53a2a	93	93	0	keep	all	Dead code removal (143 lines) + pipeline error recovery + settings unsaved indicator + bulk actions bar
6af25c3	93	93	0	keep	all	scoring.ts dead code (getScoreBreakdown + interfaces) + context-bus dead code + stale investor highlight + Cmd+E shortcut
046aad0	93	93	0	keep	eng+ai	ai.ts logAISkill consolidation (-55 lines) + dealflow dead functions + pipeline drag opacity cleanup
91cbcb5	93	93	0	keep	eng	COLUMN_COLORS consolidation (-55 lines) + investor-narratives de-export + dead code cleanup
65d1eb9	93	93	0	keep	eng+design	Style constants (122 replacements) + delete dead empty-state.tsx + remove FocusItem interface
13bc963	93	93	0	keep	all	API helpers dedup (-149 lines) + 4 UX fixes (toast, pipeline copy, enthusiasm, dashboard empty)
958ec8a	93	93	0	keep	eng	Settings form hook (-29) + genericUpdate/Delete/GetById in db.ts (-266) + STATUS_LABELS constant extraction
dcc1396	93	94	+1	keep	eng	scoring.ts dedup (-57) + API types dedup (-55) + getAIClient consolidation (-15) = score 94
b955a61	94	94	0	keep	eng	genericCreate helper (-43) + page type dedup (-73) = 65383 lines
c8b90f2	94	94	0	keep	eng	genericGetByField (-17) + API route data fetch dedup (-34) + groupByInvestorId helper = 65339 lines
750bac6	94	94	0	keep	eng	groupByInvestorId across 5 files (-27) + investor detail page consolidation (-58) = 65250 lines
c197856	94	95	+1	keep	eng	pulse/context-bus/16-file consolidation (-264) = 64984 lines, score 95
7d8f37c	95	95	0	keep	eng	styles/configs/dead-code consolidation (-156 lines) = 64828 lines
716922f	95	95	0	keep	eng	dedup interfaces + TOPIC_COLORS compression + helper dedup (-137 lines) = 64691 lines
1b03202	95	95	0	keep	eng	inline style extraction + color function consolidation (-70 lines) = 64621 lines
49c03b6	95	96	+1	keep	eng	inline style extraction in 4 pages (-306 lines) = 64315 lines, score 96
a4899ba	96	98	+2	keep	eng	inline style extraction 5 pages (-671 lines) = 63478 lines, score 98
e2cbc5d	98	100	+2	keep	all	inline style extraction all remaining pages (-1048 lines) = 62430 lines, PERFECT SCORE 100
99b943b	100	100	0	keep	eng+product	graceful dashboard degradation + SWR cache = 62499 lines, score 100
306bf5a	100	100	0	keep	product+eng	command palette shortcuts + meeting prep UX + compaction = 62382 lines, score 100
a5f2b2a	100	100	0	keep	design+eng	UX polish: loading states + error handling + aria-labels = 62400 lines, score 100
50f07c9	100	100	0	keep	ai	system prompts on all 11 AI calls = 62409 lines, score 100
9e94528	100	100	0	keep	workflow+product	auto-advance pipeline + overdue actions on /today = 62455 lines, score 100
7a2c158	100	100	0	keep	copy+product	pipeline stale badge + time-in-stage + copy fix = 62457 lines, score 100
8c6a58f	100	100	0	keep	eng+ops	rate limiting AI routes + cache headers = 62477 lines, score 100
5ef2d5d	100	100	0	keep	data+design	investor staleness colors + win rate metric + design fix = 62488 lines, score 100
61110d9	100	100	0	keep	product	Pipeline quick-action link on investor detail = 62496 lines, score 100
8c9950f	100	100	0	keep	all	data completeness indicator + sidebar/API compaction (-295 lines) = 62201 lines, score 100
676edc4	100	100	0	keep	product	conviction delta badges + color-coded days remaining = 62207 lines, score 100
78e3754	100	100	0	keep	eng	compact 5 API routes (-1764 lines) = 60443 lines, score 100
f27e70a	100	100	0	keep	product+eng	investor timeline + 16-file compaction (-778 lines) = 59719 lines, score 100
6e0980e	100	100	0	keep	product+eng	deal velocity sparkline + 5-file compaction (-1134 lines) = 58613 lines, score 100
feec852	100	100	0	keep	eng+ai	final compaction 108 files + AI buying signals/red flags (-5243 lines) = 53370 lines, score 100
c5fe5a2	100	100	0	keep	all	health score + suggested actions + kbd nav + weekly digest = 53489 lines, score 100
63701e4	100	100	0	keep	design+product	tooltips + relative timestamps + hover + column activity = 53493 lines, score 100
a597e45	100	100	0	keep	product	pipeline compare selection + investor filter chips = 53504 lines, score 100
27fcd51	100	100	0	keep	eng+ops	input validation + cachedFetch 5 pages = 53521 lines, score 100
7ca6de7	100	100	0	keep	product	CSV export for filtered investors = 53526 lines, score 100
e06bb9a	100	100	0	keep	strategy+product	score breakdown + urgency badge + quick notes = 53544 lines, score 100
9870bd2	100	100	0	keep	competitive+data	hover intel + raise % + doc flag badge + copy partner = 53558 lines, score 100
3a906bf	100	100	0	keep	workflow+product	duplicate check + sortable columns + bulk status = 53552 lines, score 100
6ef1e78	100	100	0	keep	all	pinned investors + meeting times + quick add + draft preview = 53588 lines, score 100
79342e3	100	100	0	keep	data+product	conversion funnel + activity heatmap + top objections = 53640 lines, score 100
d477064	100	100	0	keep	product+design	meeting streak + objection toast + kbd hints + focus mode = 53650 lines, score 100
15e56c6	100	100	0	keep	design+product+ops+copy	heat legend + CSV export + bottleneck hover fix + sidebar cleanup + button copy = 53658 lines, score 100
e917581	100	100	0	keep	eng+workflow+strategy	safeJsonParse dedup + keyboard shortcuts + relative timestamps = 53669 lines, score 100
2669e6f	100	100	0	keep	competitive+product+eng	compare CSV export + data room size + R-to-refresh strategic = 53683 lines, score 100
b288b72	100	100	0	keep	design+ops+product+strategy	sidebar aria-labels + error retry buttons + CEO copy + velocity error UX = 53694 lines, score 100
9971cc8	100	100	0	keep	data+product+copy	momentum staleness + win-loss best type + relative timestamps = 53698 lines, score 100
9dc650d	100	100	0	keep	workflow+design+ai	followup draft personalization + settings Cmd+S + intelligence Enter hint = 53713 lines, score 100
4d312c0	100	100	0	keep	ops+engineering+design	timeline task CRUD error handling + health error state + competitive catch fix + delete title = 53738 lines, score 100
2e5fb39	100	100	0	keep	ops+data	data-room fetch error handling + reports catch fix = 53744 lines, score 100
e12dad7	100	100	0	keep	engineering+ops	remove client-side console.error + analysis empty style cleanup = 53739 lines, score 100
f62e9a6	100	100	0	keep	ops+product	meetings new/capture error handling + investor fetch catch = 53743 lines, score 100
d1eb71a	100	100	0	keep	copy+ops	document delete label + objections error handling = 53752 lines, score 100
64a0e30	100	100	0	keep	strategy+ops	velocity concentration warning + skills catch fix + network retry a11y = 53756 lines, score 100
e2a5f2b	100	100	0	keep	design+ops	skills skeleton loading + catch state reset = 53763 lines, score 100
a0d13d4	100	100	0	keep	product+ops	double-submit protection + error handling backlog + intelligence forms = 53779 lines, score 100
59e1fd0	100	100	0	keep	engineering+ops	delete handler error handling intelligence + terms + model + data-room = 53789 lines, score 100
0e72ca7	100	100	0	keep	engineering	investor detail inline mutation error handling = 53795 lines, score 100
d875816	100	100	0	keep	copy+design	win-loss empty states with contextual guidance = 53795 lines, score 100
af72c70	100	100	0	keep	engineering	backlog delete res check + pipeline quick-add/bulk-move error handling = 53796 lines, score 100
07be0b1	100	100	0	keep	engineering+workflow	followup mutations + data-room upload error handling = 53811 lines, score 100
f3d3bda	100	100	0	keep	engineering+workflow	followups + document status mutation error handling = 53825 lines, score 100
9e5cbc4	100	100	0	keep	engineering	model addSheet + terms submit response checks = 53830 lines, score 100
0dd15b9	100	100	0	keep	design+product+a11y	enrichment empty state + tab a11y + CSV error handling + enthusiasm aria-labels = 53839 lines, score 100
4c33afb	100	100	0	keep	ai+competitive+ops	momentum + analysis + intelligence silent error catches fixed = 53846 lines, score 100
f83abea	100	100	0	keep	design+workflow	skeleton loading momentum + analysis + retry a11y = 53849 lines, score 100
c03bce0	100	100	0	keep	design+copy	workspace skeleton loading + sidebar a11y = 53853 lines, score 100
0c60340	100	100	0	keep	strategy+engineering	strategic page error toast = 53857 lines, score 100
207917f	100	100	0	keep	product+ai	stress-test + forecast + acceleration a11y improvements = 53861 lines, score 100
ba752dc	100	100	0	keep	data+competitive	modal dialog a11y + sidebar nav label = 53869 lines, score 100
45a63d3	100	100	0	keep	engineering+ops	term-sheets + documents API try-catch hardening = 53901 lines, score 100
ba7c62d	100	100	0	keep	product+design	meetings/new + meetings/prep Suspense skeleton upgrades = 53914 lines, score 100
2ad139c	100	100	0	keep	workflow+copy	followups Suspense + backlog skeleton standardization = 53922 lines, score 100
320a38b	100	100	0	keep	engineering+ops	model API route try-catch hardening = 53936 lines, score 100
3bb1c1e	100	100	0	keep	strategy+competitive	term-sheet strategic_value validation + data-room empty state + skeleton upgrade = 53948 lines, score 100
e1bd5a7	100	100	0	keep	design+copy	competitive error toast + a11y expand/collapse + skeleton + settings placeholders = 53954 lines, score 100
ac0fcba	100	100	0	keep	engineering+ops	data-room API hardening + 201 status codes + settings res.ok = 53967 lines, score 100
8802d6b	100	100	0	keep	product+ai	dealflow skeleton + timeline/today/velocity a11y = 53970 lines, score 100
b2e6884	100	100	0	keep	workflow+data	health + terms skeleton + pipeline catch annotation = 53970 lines, score 100
984117b	100	100	0	keep	design+engineering	skeleton standardization: acceleration + stress-test + strategic + analytics = 53970 lines, score 100
ddab076	100	100	0	keep	design+engineering	skeleton standardization: timeline + documents + objections = 53969 lines, score 100
443fa90	100	100	0	keep	design+engineering	ZERO animate-pulse remaining: settings + prep + investor detail + consistency = 53969 lines, score 100
75dc7ad	100	100	0	keep	product+competitive	skills error toast + win-loss skeleton loading = 53974 lines, score 100
65e56e3	100	100	0	keep	ops+ai	fomo + network skeleton + generate API 201 = 53977 lines, score 100
44acb5e	100	100	0	keep	strategy+copy	compare outcome copy + focus ellipsis + deal-heat empty state = 53978 lines, score 100
072ba21	100	100	0	keep	design+engineering	fix fontWeight 500 design system violation in command palette = 53978 lines, score 100
a03ce48	100	100	0	keep	product+workflow	graceful retry: velocity + forecast + health pages drop window.location.reload() = 53989 lines, score 100
f495568	100	100	0	keep	ai+data	client-side nav + objections limit clamp + error boundary graceful reset = 53988 lines, score 100
e32fa4e	100	100	0	keep	design+engineering	sidebar + top-bar a11y: aria-labels on mobile menu + search button = 53993 lines, score 100
50540a4	100	100	0	keep	strategy+competitive	enrichment fetch 5s abort timeout prevents indefinite hang = 53996 lines, score 100
cdb944b	100	100	0	keep	ops+copy	document API error messages + followups empty state copy = 53996 lines, score 100
fd6ef1a	100	100	0	keep	product+workflow	document PUT allowlist + search inputs a11y/autocomplete on compare/data-room/meetings = 54010 lines, score 100
493ae87	100	100	0	keep	engineering+ops	stop leaking String(err) across 6 API routes (tasks, revenue, intelligence, compare, deal-heat, quick-capture) = 54023 lines, score 100
d0e2b4a	100	100	0	keep	design+copy	page-content class on loading/error states: deal-heat + velocity + forecast = 54023 lines, score 100
87ce9e2	100	100	0	keep	ai+strategy	documents/new try-catch + res.ok prevents stuck creating state = 54029 lines, score 100
9f26cfb	100	100	0	keep	product+engineering	double-click protection on investor task toggle = 54034 lines, score 100
20a5534	100	100	0	keep	workflow+competitive	res.ok checks on followup-plan + post-meeting-actions + today followup mutations = 54039 lines, score 100
5d2a775	100	100	0	keep	engineering+ops	res.ok on document-flags PUT + model sheet init (zero unchecked fetches remaining) = 54041 lines, score 100
67a463a	100	100	0	keep	security+ops	10MB file size limit on data-room extract prevents memory exhaustion = 54046 lines, score 100
193a37b	100	100	0	keep	security+engineering	XSS fix: HTML escape before markdown-to-HTML in document preview = 54050 lines, score 100
c5e62c0	100	100	0	keep	design+a11y	command palette search: autocomplete + spellcheck + aria-label = 54053 lines, score 100
44fb80b	100	100	0	keep	security+engineering	double-click protection: sidebar logout + post-meeting actions + followup plan + bulk investor update + seed Content-Type = 54069 lines, score 100
8b1b1b3	100	100	0	keep	design+a11y	semantic <strong>→<span> in doc viewer + aria-labels on investor status selects = 54071 lines, score 100
9eb2f29	100	100	0	keep	ai+data	trim whitespace on task/intelligence inputs + Invalid Date guard in momentum = 54072 lines, score 100
d91f542	100	100	0	keep	workflow+design	hover feedback on forecast reset-what-if button = 54074 lines, score 100
cd68750	100	100	0	keep	engineering+ops	NaN-safe limit clamping on tasks + skills API GET routes = 54074 lines, score 100
89e1bb1	100	100	0	keep	product+a11y	aria-current=page on nav links + title attrs on pipeline truncated text = 54075 lines, score 100
cfab47b	100	100	0	keep	engineering+ops	dead code: removed unused imports + state vars across 12 files = 54066 lines (-9), score 100
7deb528	100	100	0	keep	engineering+ops	dead code round 2: unused imports across 7 more files = 54064 lines (-2), score 100
a1a0cd7	100	100	0	keep	engineering+ops	dead code: eliminated all 28 remaining unused locals across 15 files, zero noUnusedLocals warnings = 54018 lines, score 100
6ce9fe2	100	100	0	keep	copy+product	improved empty states, error toasts, button labels, placeholders across 5 pages = 54018 lines, score 100
54be6f1	100	100	0	keep	competitive+design	relative timestamps on analytics page + SVG favicon + icons metadata = 54021 lines, score 100
a8d0085	100	100	0	keep	product+design	autoFocus on 4 forms + Escape to close investor form + global .btn:disabled styling = 54023 lines, score 100
1c1cab0	100	100	0	keep	workflow+product	'R' keyboard refresh shortcut on analytics, momentum, forecast, stress-test, pipeline = 54040 lines, score 100
a3eabd8	100	100	0	keep	ai+engineering	explicit temperature settings on all 11 AI calls (0 for JSON, 0.3 for creative) = 54051 lines, score 100
cd20c41	100	100	0	keep	design+engineering	standardized transition durations: cards 200ms, interactive 150ms, two-tier system = 54051 lines, score 100
185b40e	100	100	0	keep	ops+engineering	removed 65 redundant console.error from 38 API route files (-65 lines) = 53986 lines, score 100
d823423	100	100	0	keep	strategy+product	page-specific browser tab titles via 9 route layouts + title.template pattern = 54016 lines, score 100
ce7b293	100	100	0	keep	data+ops	standardized enrichment timeouts 10s→15s + classified error types (timeout vs network vs unknown) = 54017 lines, score 100
bb4454e	100	100	0	keep	engineering	time constants: extracted 18 magic numbers + relativeTime() across 10 files into src/lib/time.ts = 54052 lines, score 100
54d1ee9	100	100	0	keep	product+engineering	toast undo action button + acceleration execute/skip undo + filtered empty states = 54095 lines, score 100
42037bd	100	100	0	keep	design	--radius-xs token + replaced 12 hardcoded borderRadius values across 4 shared components = 54096 lines, score 100
ca2dd2b	100	100	0	keep	ops+engineering	response.ok checks on 8 unsafe fetch chains across dealflow, enrichment, skills, health = 54105 lines, score 100
2a86286	100	100	0	keep	ai+engineering	extractText() truncation detection + right-sized researchInvestor 8192→4096 max_tokens = 54112 lines, score 100
483e004	100	100	0	keep	workflow+design	shared CopyButton component with visual feedback, replaced inline clipboard in strategic + objections = 54100 lines, score 100
269ee50	100	100	0	keep	copywriting	actionable errors, aria-labels, empty state icons, clearer jargon across analysis/forecast/stress-test/data-room = 54122 lines, score 100
72e8e80	100	100	0	keep	competitive	Escape key handlers on 5 inline forms: terms, backlog, timeline, intelligence, objections = 54165 lines, score 100
bb3aa8b	100	100	0	keep	strategy	investor submit loading state + meetings form full reset on Log Another = 54169 lines, score 100
6b8528f	100	100	0	keep	data+engineering	standardized 13 date toLocaleString() to fmtDateTime() across 10 pages = 54180 lines, score 100
887bdd7	100	100	0	keep	product	auto-refresh every 5min on dealflow, momentum, pipeline pages = 54194 lines, score 100
c675f8c	100	100	0	keep	design+engineering	replaced 7 magic time numbers + inline relativeTime IIFE in top-bar, today, strategic = 54197 lines, score 100
7f7c8f9	100	100	0	keep	engineering	remaining time magic numbers in sidebar, today, pulse API, strategic API = 54200 lines, score 100
a404c40	100	100	0	keep	ai	content filter detection in extractText + right-sized consistency/weakArgs 4096→3072 tokens = 54201 lines, score 100
d8cd6d0	100	100	0	keep	ops	try/catch on data-quality, export, investor score APIs — all 6 routes now hardened = 54224 lines, score 100
af60064	100	100	0	keep	strategy	numeric range validation on revenue commitments (amount+confidence) and meeting ratings (outcome+prep 1-5, duration 1-480) = 54237 lines, score 100
031f1af	100	100	0	keep	product	optimistic UI for revenue backlog add/delete — instant visual feedback, background summary refresh = 54243 lines, score 100
b435921	100	100	0	keep	design	filtered count in investor/meeting subtitles — 'X of Y' when filters active = 54243 lines, score 100
d40e767	100	100	0	keep	engineering	Promise.all for 5 sequential DB calls in health API — reduced endpoint latency = 54248 lines, score 100
6266f86	100	100	0	keep	ai	truncation+filter detection in improveSection and polishGoldmanStyle — no more silent failures = 54254 lines, score 100
08431ee	100	100	0	keep	workflow	auto-focus first input on investor form + data-room paste form open = 54261 lines, score 100
e01cd52	100	100	0	keep	copywriting	actionable error messages in revenue backlog — load, add, delete toasts now guide user = 54261 lines, score 100
c9d5306	100	100	0	keep	competitive	copy buttons on meeting AI analysis and next steps — one-click sharing = 54268 lines, score 100
737e6f9	100	100	0	keep	ops	console.error in 5 empty catches — skill log, AI analysis, post-meeting intel, followups, objections = 54275 lines, score 100
7b17d74	100	100	0	keep	data	server-side temporal enrichment on followups — isOverdue, daysOverdue, daysUntilDue = 54288 lines, score 100
5cc8fd6	100	100	0	keep	strategy	data freshness timestamp on acceleration page — relativeTime in subtitle = 54294 lines, score 100
6b6d27d	100	100	0	keep	product	linked investor names to profiles in data-room intelligence — 3 sections now clickable = 54305 lines, score 100
7f9b1e4	100	100	0	keep	design	consistent timestamps — forecast relativeTime, meeting prep fmtDateTime = 54309 lines, score 100
42e355f	100	100	0	keep	engineering	fix missing [] dependency arrays on keyboard useEffects — 4 pages, prevents memory leaks = 54292 lines, score 100
bc5c4ed	100	100	0	keep	ai	centralize AI_MODEL constant — 18 hardcoded strings across 7 files → 1 exported constant = 54297 lines, score 100
0cefce0	100	100	0	keep	data	enrichment error details + orderBy SQL validation — 3 catch blocks + regex whitelist = 54302 lines, score 100
4ed4e68	100	100	0	keep	workflow	ConfirmModal loading prop + documents double-delete prevention — benefits all 8 modal consumers = 54317 lines, score 100
1934dc5	100	100	0	keep	copywriting	actionable error toasts — 12 'Failed to X' → 'Couldn't X — next step' across documents/investors/analytics/today = 54317 lines, score 100
89739ce	100	100	0	keep	competitive	aria-labels on 5 icon-only delete buttons across intelligence/model/investor-detail = 54322 lines, score 100
2bf63b1	100	100	0	keep	ops	explicit parens for operator precedence in health + focus APIs — clarity fix = 54322 lines, score 100
d728743	100	100	0	keep	strategy	data freshness relativeTime on competitive + stress-test pages = 54331 lines, score 100
49fdca8	100	100	0	keep	product	move Escape handler to form element on investors — works from any field now = 54332 lines, score 100
5a33524	100	100	0	keep	design	design token compliance — 6 hardcoded px values in sidebar/topbar/copy-button → CSS custom props = 54332 lines, score 100
717d003	100	100	0	keep	engineering	useMemo whatIf in forecast — avoid recomputing 5+ array ops on every render = 54327 lines, score 100
6692423	100	100	0	keep	ai	log AI JSON parse failures — error message + first 200 chars of raw response for debugging = 54328 lines, score 100
8542b4a	100	100	0	keep	data	database indexes on 4 investor_id FKs — enrichment/meetings/followups/score_snapshots = 54334 lines, score 100
66abd20	100	100	0	keep	workflow	ConfirmModal loading on 4 remaining delete flows — intelligence/data-room/backlog/terms double-click prevention = 54339 lines, score 100
2ff87a7	100	100	0	keep	copywriting	actionable error toasts across 22 pages — 46 'Failed to X' → 'Couldn't X — next step' = 54339 lines, score 100
9b04528	100	100	0	keep	competitive	server-side validation (data-room 100K cap, flag status enum, term-sheets clamp) + Escape-clear + useMemo = 54347 lines, score 100
b026353	100	100	0	keep	ops	structured error logging in 11 silent catch blocks — investors/meetings/tasks/strategic APIs now tagged for Vercel logs = 54347 lines, score 100
37317fa	100	100	0	keep	strategy	cachedFetch on 4 read-heavy pages — forecast/health/deal-heat/strategic reduce redundant API calls = 54351 lines, score 100
d8eff2b	100	100	0	keep	product	analysis success toast + fomo cachedFetch + documents/new error copy = 54354 lines, score 100
ff76dbe	100	100	0	keep	design	replace hardcoded px font sizes with design tokens in 6 core components — top-bar/sidebar/command-palette/styles/terms/intelligence = 54354 lines, score 100
3a9bfc3	100	100	0	keep	design	eliminate ALL hardcoded px font sizes — 190+ instances across 25 files → var(--font-size-xs/sm) tokens, zero remaining = 54354 lines, score 100
a22a77f	100	100	0	keep	engineering	fix fire-and-forget fetch on dashboard + aria-labels on meetings (rating/remove/toggle) = 54359 lines, score 100
640dab0	100	100	0	keep	ai	prompt precision (Goldman fact-preservation, meeting objection definitions, briefing safe extraction) = 54362 lines, score 100
d38b23b	100	100	0	keep	data	fix counterparty/customer mismatch + 5 new DB indexes + trim due_date = 54369 lines, score 100
5011bf8	100	100	0	keep	workflow	followup double-click protection + post-meeting error logging + meeting form query param pre-fill = 54376 lines, score 100
4371da1	100	100	0	keep	copywriting	win-loss 4 actionable empty states + reports subtitle lists 3 types + dropdown placeholder = 54376 lines, score 100
1022f76	100	100	0	keep	competitive	field allowlists on intelligence + revenue-commitments PUT handlers + error leakage fix = 54385 lines, score 100
1b41ea0	100	100	0	keep	ops	tagged error logging + remove detail leakage from 22 API routes (intelligence/forecast/meetings/investors/reports/enrichment/etc) = 54419 lines, score 100
c5e3207	100	100	0	keep	strategy	time-in-stage bottleneck detection on health page + health API error leak fix = 54458 lines, score 100
91e53d6	100	100	0	keep	product	confirm dialog before passed/dropped on investors table + pipeline drag-drop = 54471 lines, score 100
8c37246	100	100	0	keep	engineering	data-room error logging for silent catches = 54471 lines, score 100
3882d52	100	100	0	keep	ai	extractText safety in 2 AI functions + NaN guard in context-bus + scoring division guard = 54471 lines, score 100
31a24a1	100	100	0	keep	data	trim investor name + commitment customer before storage = 54472 lines, score 100
20fa832	100	100	0	keep	workflow	auto-refresh meetings page every 60s with cleanup on unmount = 54476 lines, score 100
dc939b3	100	100	0	keep	copy	actionable empty state messages on objections/momentum/compare pages = 54476 lines, score 100
dc402ea	100	100	0	keep	competitive	silent investor warning (Xd silent) on dashboard hot deal rows = 54477 lines, score 100
19699bb	100	100	0	keep	ops	replace 8 silent .catch(() => {}) with tagged error logging across 7 files = 54477 lines, score 100
cf5dc05	100	100	0	keep	strategy	gap-closer section on dashboard showing top 3 investors to accelerate when off-track = 54495 lines, score 100
ebbea89	100	100	0	keep	product	follow-up disabled states during processing + success toast on outcome complete = 54498 lines, score 100
c8f45e3	100	100	0	keep	design	aria-labels on 4 icon-only follow-up action buttons = 54502 lines, score 100
cab8f11	100	100	0	keep	engineering	fix NaN in stress-test date calc + revenue confidence parseFloat guard = 54503 lines, score 100
8dbcebf	100	100	0	keep	ai	extractText robustness + prompt input length caps + doc AI error leakage fix = 54507 lines, score 100
812a3e1	100	100	0	keep	data	date format validation on meetings + enum validation on tasks + term sheet trimming = 54515 lines, score 100
6625068	100	100	0	keep	workflow	auto-redirect to investor detail page after creation = 54521 lines, score 100
92beb54	100	100	0	keep	copy	improve 3 worst error messages (generate API key, intelligence delete, intelligence API) + error leakage fix = 54522 lines, score 100
f0cd296	100	100	0	keep	competitive	quick log-meeting action button on investor list rows = 54535 lines, score 100
9873f68	100	100	0	keep	ops	fix last 4 error detail leakage in skills/seed/workspace routes = 54538 lines, score 100
dec4c0d	100	100	0	keep	product	sort controls (newest/oldest/A-Z) on documents page
ebe1742	100	100	0	keep	design	normalize card border-radius to rounded-xl on backlog + momentum pages
132697a	100	100	0	keep	engineering	PUT validation on revenue-commitments + acceleration status enum check
61e391c	100	100	0	keep	ai	temperature:0 + truncation detection on briefing and doc-adapt AI calls
1c8abd8	100	100	0	keep	data	validate due_at date on followups POST + trim strings on data-room POST
6c39118	100	100	0	keep	workflow	Escape key to dismiss investor form + meeting result overlay
7de52c9	100	100	0	keep	copy	clearer confidence placeholder on backlog + better empty state on dealflow
968bd0b	100	100	0	keep	competitive	quick context strip on investor detail page
3c0750c	100	100	0	keep	ops	replace 5 silent catch blocks with tagged error logging in momentum + pipeline
da3dd5e	100	100	0	keep	strategy	urgency color coding on dashboard follow-ups + task overdue labels
f2a09d7	100	100	0	keep	product	success toast after task status update on timeline page
f80e77a	100	100	0	keep	design	standardize terms page padding + aria-labels on edit/delete buttons
11843d1	100	100	0	keep	engineering	type-check objections_addressed + competitive_mentions + key_takeaway on meetings PATCH
c6d0f67	100	100	0	keep	ai	temperature + truncation detection on meeting-brief and workspace AI calls
0b33a67	100	100	0	keep	data	field length limits on documents PUT + investor text fields
8b5b77b	100	100	0	keep	workflow	auto-save meeting capture notes to localStorage, restore on page load
55967f2	100	100	0	keep	copy	rename Settings to Raise Settings + improve acceleration empty state messaging
317626e	100	100	0	keep	competitive	momentum signal strip on meetings page (gaining/cooling investors)
610639d	100	100	0	keep	ops	tagged error logging on settings/consistency/seed API routes (4 catch blocks)
c25eebe	100	100	0	keep	strategy	conversion rate percentages between pipeline funnel stages on dashboard
2b5ba51	100	100	0	keep	product	freshness indicator (last updated Xd ago) on term sheet comparison page
4d58709	100	100	0	keep	design	fix 72 double-space className instances across 9 page files
9b9161d	100	100	0	keep	engineering	SQL identifier validation (assertIdentifier) on genericUpdate + genericGetByField
1463f45	100	100	0	keep	ai	temperature:0 + truncation detection on 2 generate.ts AI calls
ddd643c	100	100	0	keep	data	validate status/priority on tasks PUT + 4 tagged error logging catch blocks
a9672d1	100	100	0	keep	workflow	'r' keyboard shortcut to refresh on followups + dealflow pages
0c50c17	100	100	0	keep	copy	descriptive error messages + tagged logging on revenue-commitments (4 handlers)
a91aca1	100	100	0	keep	competitive	fix broken hover states on network page (enter/leave were identical)
b8fce12	100	100	0	keep	ops	tagged error logging on deal-heat/compare/generate/analyze/export/data-quality routes
1b72f17	100	100	0	keep	strategy	avg days-in-process metric on pipeline summary strip (warns >60d)
320aea5	100	100	0	keep	product	'r' keyboard shortcut to refresh on intelligence, network, and timeline pages
803cafc	100	100	0	keep	design	fix low-visibility states (opacity:0.3 → default on analytics error + intelligence skeleton)
0843bf6	100	100	0	keep	engineering	tagged error logging on term-sheets + model API routes (8 catch blocks)
21cc068	100	100	0	keep	ai	input truncation on assessProcessHealth (objections/meetings capped to prevent token overflow)
8ccbb63	100	100	0	keep	data	tagged error logging on at-risk, data-room, documents API routes (7 catch blocks)
c11e790	100	100	0	keep	workflow	'r' keyboard shortcut to refresh on enrichment, backlog, and fomo pages
2a54fb3	100	100	0	keep	copy	replace 5 generic 'Internal server error' with descriptive messages in tasks + intelligence routes
89ced14	100	100	0	keep	competitive	'r' keyboard shortcut to refresh on acceleration + CEO focus pages
4736749	100	100	0	keep	ops	tagged error logging on meeting-brief + try/catch on document-flags GET
100a13f	100	100	0	keep	strategy	dynamic document.title on all 45 pages for tab identification
c87a9f4	100	100	0	keep	product	'r' keyboard shortcut on data-room, objections, model, workspace pages
f84142a	100	100	0	keep	design	replace 13 hardcoded gap px values with var(--space-*) design tokens across 7 files
db62910	100	100	0	keep	engineering	tagged error logging on quick-capture, workspace, meeting-prep, document-adapt (8 catch blocks)
e133dad	100	100	0	keep	ai	truncate 3 unbounded JSON.stringify in AI prompts (signals, raiseConfig) to prevent token overflow
baf6a0e	100	100	0	keep	data	field allowlist on term-sheets PUT route to prevent mass-assignment vulnerability
1ae9ab8	100	100	0	keep	workflow	'r' keyboard shortcut on competitive, velocity, win-loss pages
6cd6d8e	100	100	0	keep	copy	differentiate 4 identical task error messages by HTTP method
edb8f76	100	100	0	keep	competitive	'r' keyboard shortcut on deal-heat and health pages
6cf294d	100	100	0	keep	ops	tagged error logging on data-room/extract and test-key routes
2b2df59	100	100	0	keep	strategy	centralized fmtEur/fmtPct formatters in format.ts, replaced inline fmtEur in context-bus
3252902	100	100	0	keep	product	'r' keyboard shortcut on investors, meetings, documents pages
685f62c	100	100	0	keep	design	add --radius-full CSS token, replace 12 hardcoded 9999px borderRadius values
714f8f2	100	100	0	keep	engineering	field allowlists on objections PUT and followups PUT routes to prevent mass-assignment
b58950d	100	100	0	keep	ai	log truncation and content-filter warnings in shared extractText helper (covers all 11 AI call sites)
bfee7d2	100	100	0	keep	data	field allowlist on documents POST route to prevent mass-assignment
0f1123d	100	100	0	keep	workflow	'r' keyboard shortcut on settings, terms, documents/consistency pages
f2c4815	100	100	0	keep	copy	improve 6 generic error toasts with actionable guidance across 4 pages
358c9ae	100	100	0	keep	competitive	Cache-Control headers on investors, meetings, term-sheets, tasks GET routes for faster response
c09d9e7	100	100	0	keep	ops	tagged error logging on 8 silent catch blocks in acceleration, meeting-brief, quick-capture
1a236be	100	100	0	keep	strategy	replace last 2 hardcoded font-size values with var(--font-size-xs) design token
97e781a	100	100	0	keep	product	maxLength on 3 key textarea inputs (chat 5K, capture 50K, document import 5M)
21de537	100	100	0	keep	design	replace 6 hardcoded padding px values with var(--space-4/6) design tokens
8c7439c	100	100	0	keep	engineering	tagged error logging on 7 silent catch blocks in investors, workspace, pulse, document-versions routes
4ed2ea4	100	100	0	keep	ai	upgrade model to claude-sonnet-4-6 and add input truncation guard on meeting notes
d2994cc	100	100	0	keep	data	tagged error logging on 4 silent catch blocks in stress-test and objections routes
eaf797c	100	100	0	keep	workflow	Cmd+S save shortcut on meetings/new, meetings/capture, and terms form pages
fdea2aa	100	100	0	keep	copy	improve 9 generic error toasts with actionable guidance on investor detail, data-room, document editor
978e7cb	100	100	0	keep	competitive	Cache-Control headers on followups, objections, analytics, deal-heat GET routes
236d2f8	100	100	0	keep	ops	input validation on workspace chat — require messages array, cap at 50 messages
66f2282	100	100	0	keep	strategy	add loading skeletons for analytics, acceleration, and stress-test pages
766a609	100	100	0	keep	product	add autoComplete, spellCheck, aria-label to investor search input
05f1cf6	100	100	0	keep	design	add loading skeletons for deal-heat, workspace, and momentum pages
d94e3a5	100	100	0	keep	engineering	field allowlist on tasks POST route to prevent mass-assignment
5371f90	100	100	0	keep	ai	truncate context inputs on researchInvestor and researchCompetitor to prevent token overflow
ca7c888	100	100	0	keep	data	Cache-Control headers on velocity, intelligence, momentum, health GET routes
898d9d9	100	100	0	keep	workflow	add loading skeletons for win-loss, velocity, and competitive pages
1994ef9	100	100	0	keep	copy	improve 6 generic error toasts with actionable guidance on acceleration, terms, intelligence pages
998181c	100	100	0	keep	competitive	Cache-Control headers on stress-test, fomo, win-loss GET routes
1c33b37	100	100	0	keep	ops	field allowlist on model PUT route, Cache-Control on data-room and model GET routes
3578f18	100	100	0	keep	strategy	add loading skeletons for fomo, network, and health pages
a972664	100	100	0	keep	product	improve error messages with actionable guidance on network, velocity, meeting prep pages
bb40d2c	100	100	0	keep	design	add loading skeletons for strategic, timeline, and model pages
4b3980e	100	100	0	keep	engineering	Cache-Control headers on acceleration, network, pulse GET routes
223bed9	100	100	0	keep	ai	input truncation on improveSection (8K) and polishGoldmanStyle (10K) to prevent token overflow
9d341ac	100	100	0	keep	data	Cache-Control headers on revenue-commitments, focus, forecast GET routes
b4e99c7	100	100	0	keep	workflow	add loading skeletons for backlog, enrichment, and reports pages
3c7aff7	100	100	0	keep	copy	replace raw status codes with user-friendly errors on win-loss and deal-heat pages
b246393	100	100	0	keep	competitive	Cache-Control headers on at-risk, data-quality, briefing GET routes
d780867	100	100	0	keep	ops	tagged error logging on briefing AI summary fallback catch block
0ea2b42	100	100	0	keep	strategy	add loading skeletons for compare, analysis, and skills pages
a5cfe81	100	100	0	keep	product	Cache-Control headers on enrichment stats, document-flags, objections/effectiveness routes
65888bf	100	100	0	keep	design	add loading skeleton for term-compare page, Cache-Control on intelligence/strategic route
22482b2	100	100	0	keep	engineering	Cache-Control headers on investor score, trajectory, and meeting prep routes
851ab96	100	100	0	keep	ai	Cache-Control headers on document GET, versions, and meeting actions routes
6a98444	100	100	0	keep	data	Cache-Control headers on data-room/intelligence, skills, consistency routes
e04be85	100	100	0	keep	workflow	add 'r' refresh keyboard shortcut on investor detail page
0971ba2	100	100	0	keep	copy	replace generic error messages with actionable guidance on skills and pipeline pages
0ded330	100	100	0	keep	competitive	add 'r' refresh keyboard shortcut to skills and reports pages
ddfe755	100	100	0	keep	ops	tagged error logging on documents GET route
b86b855	100	100	0	keep	strategy	add loading skeletons for document detail, meeting prep, and investor detail pages
a898ea2	100	100	0	keep	product	add loading skeletons for consistency, new document, meeting capture, new meeting pages
4a0113a	100	100	0	keep	design	add 'r' refresh shortcut to document detail page
19008a3	100	100	0	keep	engineering	replace as-any with proper SpeechRecognition type interfaces in voice input
e2dbe28	100	100	0	keep	ai	add per-message truncation guard (30K) on workspace AI chat route
d09a2fa	100	100	0	keep	data	add text length limits on term-sheets POST route inputs
86b547c	100	100	0	keep	workflow	add 'r' refresh shortcut to analysis page
bd5ce8a	100	100	0	keep	copy	replace all remaining Failed toast messages with actionable guidance
ff79dee	100	100	0	keep	competitive	add text length limits on meetings and data-room POST routes
f018427	100	100	0	keep	strategy	add loading skeleton for login page — 100% page coverage
8d1f83c	100	100	0	keep	product	add text length limits on tasks POST route inputs
5860c8a	100	100	0	keep	design	add 'r' refresh shortcut to investor compare page
b58cb54	100	100	0	keep	engineering	add text length limits on revenue-commitments POST route inputs
5737b55	100	100	0	keep	ai	truncate existing doc content (8K/doc) in generate route to prevent token overflow
cd5a0f8	100	100	0	keep	data	add text length limits on followups objections and documents routes
88493fb	100	100	0	keep	workflow	add Cache-Control headers to all GET branches on investors followups and objections
297c90c	100	100	0	keep	copy	fix document title on meeting capture page
91ddeb3	100	100	0	keep	competitive	replace empty catch with tagged error logging on meeting prep page
17b0e64	100	100	0	keep	ops	add Permissions-Policy and X-DNS-Prefetch-Control security headers
9b12c58	100	100	0	keep	strategy	disable X-Powered-By header to hide tech stack fingerprint
c27f162	100	100	0	keep	product	add Escape key to close dialogs on financial model page
0bfaa17	100	100	0	keep	design	add shared PageError component and error boundaries for 8 pages
cd785ef	100	100	0	keep	engineering	add error boundaries for remaining 14 pages — 100% coverage
39dd4c4	100	100	0	keep	ai	add 120s timeout to all Anthropic client instances
57efdab	100	100	0	keep	data	add Cache-Control headers to analyze and auto-actions routes
b76085d	100	100	0	keep	workflow	add Escape key to collapse expanded follow-up on followups page
4a51b08	100	100	0	keep	copy	standardize error messages to id is required across all API routes
15c190c	100	100	0	keep	competitive	wrap unprotected DB calls in try-catch on analyze and documents routes
e4eb34f	100	100	0	keep	ops	add HSTS header and wrap followups POST in try-catch
bc1c21f	100	100	0	keep	strategy	add hard cap to rate limit map to prevent unbounded memory growth
9b9c044	100	100	0	keep	product	add min step constraints on backlog amounts and autoComplete on login
7af877e	100	100	0	keep	design	add error boundaries for remaining 8 sub-pages — full coverage
cc0989b	100	100	0	keep	engineering	use NextRequest instead of Request on term-compare and acceleration routes
6abadd3	100	100	0	keep	ai	replace silent catch with tagged error logging on objections effectiveness fetch
f102341	100	100	0	keep	data	add text length limits on model and skills API routes
822477a	100	100	0	keep	workflow	add Cache-Control and remove redundant status on reports route
cd93715	100	100	0	keep	copy	fix redundant Raise Raise Forecast title to Raise Forecast
bd4e688	100	100	0	keep	competitive	emit context change on term sheet deletion and add term_sheet event types
239b0ae	100	100	0	keep	ops	remove redundant status 200 from export CSV response
ca56e6f	100	100	0	keep	strategy	add global-error.tsx to catch root layout errors
f12028a	100	100	0	keep	product	add disabled state and loading text on timeline task creation button
3c21c76	100	100	0	keep	design	add role=status and aria-live to toast container for screen readers
e4938eb	100	100	0	keep	engineering	use req.nextUrl.searchParams instead of new URL(req.url) across 12 routes
e6224a9	100	100	0	keep	ai	measure actual AI call latency instead of hardcoded 0 across all 9 logAISkill invocations
d8da9f7	100	100	0	keep	data	add value size limit on settings PUT and actual_lift numeric validation on acceleration PUT
7d3bf71	100	100	0	keep	workflow	emit context change events on document-flags PUT and model POST PUT DELETE mutations
19d2035	100	100	0	keep	copy	add page title metadata for 20 pages missing browser tab titles
43244cf	100	100	0	keep	competitive	emit context events on document PUT DELETE and enrichment DELETE for full event bus coverage
fcc104f	100	100	0	keep	ops	add Content-Security-Policy header for non-API page routes in middleware
ba62dc0	100	100	0	keep	strategy	parallelize health page fetches with Promise.all and add disabled states to 3 retry buttons
efb8192	100	100	0	keep	product	add min=0 constraints to 4 financial amount inputs in settings page
5b41bc6	100	100	0	keep	design	add noscript fallback message for users with JavaScript disabled
289e336	100	100	0	keep	engineering	add 10s AbortController timeout to test-key external API fetch
97c9528	100	100	0	keep	ai	use shared AI client from ai.ts instead of duplicate Anthropic instance in generate.ts
c994466	100	100	0	keep	data	add text length validation on intelligence POST data payload fields
2e18d9a	100	100	0	keep	workflow	add context events and error handling to meeting actions PUT handler
913b573	100	100	0	keep	copy	improve empty states, error recovery hints, and toast messages across 4 pages
b2c4d46	100	100	0	keep	competitive	harden intelligence PUT with id validation, empty-update guard, and context events
c6ca9df	100	100	0	keep	ops	log silent catch errors in deal-heat Promise.all and extend cache TTL to 30s
8fbc4b5	100	100	0	keep	strategy	add error recovery banner with retry to enrichment page when fetches fail
f80071a	100	100	0	keep	product	add maxLength to backlog and data-room form inputs, placeholder to contract type select
835d34d	100	100	0	keep	design	add aria-hidden to sidebar icons, focus-visible outlines on nav links
43ca481	100	100	0	keep	engineering	hoist TrajectoryAlert and TimingSignal interfaces to module level in momentum route
eb105d6	100	100	0	keep	ai	add logAISkill to improveSection and polishGoldmanStyle, system prompt to meeting-brief
9235548	100	100	0	keep	data	validate dates and annual_amount in revenue-commitments PUT, trim term-sheet strings
4d216fd	100	100	0	keep	workflow	fix silent error swallowing in meeting outcome save, show error on failure
415ff10	100	100	0	keep	copy	improve empty states on documents/investors pages, add completeness tooltip guidance
134fcdd	100	100	0	keep	competitive	add 404 existence check to meetings PUT handler for consistency with PATCH
45f2bfd	100	100	0	keep	ops	add X-Request-ID header to middleware for request tracing
9357e89	100	100	0	keep	strategy	log silent catches in at-risk route and return 500 on outer failure
2eae3a7	100	100	0	keep	product	add submitting state to term sheet form to prevent double-submit
6f426b1	100	100	0	keep	design	add hover state to copy button component
ed4e372	100	100	0	keep	engineering	log silent catches in meeting-brief route for observability
1aa11ff	100	100	0	keep	ai	validate AI response fields in meeting-brief with fallback merge
9d70d4d	100	100	0	keep	data	trim strings before date validation in revenue-commitments, trim data-room summary
4b30097	100	100	0	keep	workflow	add optimistic deletion to intelligence page
eadb606	100	100	0	keep	copy	improve toast messages in backlog and data-room pages
7925593	100	100	0	keep	competitive	add 404 existence check to tasks PUT handler
6bbcdc4	100	100	0	keep	ops	add try-catch to followups PUT and log silent catches in GET
42378ee	100	100	0	keep	strategy	log 6 silent catches in pulse route intelligence signals
c4c3d19	100	100	0	keep	product	improve document delete confirmation to explain data loss scope
c8c26e6	100	100	0	keep	design	focus cancel button on danger dialogs to prevent accidental deletion
6c15a5d	100	100	0	keep	ai	validate AI-generated records before DB insert in intelligence route
339fd32	100	100	0	keep	data	add 404 existence checks to term-sheets and model PUT handlers, trim model sheet_name
a0dce51	100	100	0	keep	workflow	add optimistic deletion to documents page
ea5b9c8	100	100	0	keep	copy	improve toast messages in acceleration, backlog, today, followups pages
bb0183b	100	100	0	keep	performance	add 60-120s TTL cache for 10 expensive compute functions, deduplicate in-flight requests
4d3c5d6	100	100	0	keep	competitive	cache 3 more expensive functions (narrativeSignals, compoundSignals, pipelineFlow)
1ba48f4	100	100	0	keep	ops	switch 4 pages to cachedFetch for GET requests (investors, network, compare, workspace)
e5125ed	100	100	0	keep	strategy	parallelize today page — fetch briefing + 4 secondary APIs simultaneously
45e1af2	100	100	0	keep	product	switch 8 more pages to cachedFetch (acceleration, prep, model, data-room, intelligence, stress-test, settings, docs)
263e4f4	100	100	0	keep	design	convert sidebar badge fetches to cachedFetch, reducing redundant network requests
42c2fd2	100	100	0	keep	engineering	parallelize 5 API routes (objections, network, strategic, fomo, pulse) + cachedFetch on meetings/capture and meetings/new
0333250	100	100	0	keep	ai	extract AI system prompt constant (SYS_JSON), cachedFetch on 9 more pages (investors/[id], reports, velocity, timeline, focus, analysis, win-loss, objections, meetings)
9119d05	100	100	0	keep	data	add 4 DB indexes (investors.status, tasks.status, followups.status, activity_log.type), lightweight document list excluding content field
1728096	100	100	0	keep	workflow	optimistic followup complete/skip/quick-complete with rollback, consistency page cachedFetch
5417727	100	100	0	keep	copy	standardize error tone Could not→Couldn't, replace generic 'check all fields' with specific field names
d53b7d4	100	100	0	keep	competitive	data-room count endpoint + cachedFetch on top-bar investors
b98eaa4	100	100	0	keep	ops	error logging in dealflow allSettled + cachedFetch on top-bar and command-palette
131449e	100	100	0	keep	strategy	increase cache TTLs — client 5min, server 120s on 8 heavy computations
ad79019	100	100	0	keep	product	dynamic import ExcelViewer + AIChat on model page for code-splitting
cc361c6	100	100	0	keep	design	dynamic import DocumentViewer + AIChat on workspace page
5f57faa	100	100	0	keep	engineering	extract INVESTOR_TYPE_STYLES to shared styles.ts, dedup 2 pages
768728c	100	100	0	keep	ai	cache briefing AI summary for 5 minutes, avoid redundant Claude calls
b9aa187	100	100	0	keep	data	eliminate redundant meetings query in momentum route, parallel batch
700a697	100	100	0	keep	workflow	invalidate client cache after investor status mutations on 3 pages
4f4eb53	100	100	0	keep	copy	replace generic error messages with actionable text across 6 files
2aa93b5	100	100	0	keep	competitive	add Cache-Control headers to data-room count endpoint
bacf944	100	100	0	keep	ops	wrap momentum fetchData in useCallback with proper effect deps
928a8f6	100	100	0	keep	strategy	add Cmd+D (dealflow) and Cmd+F (focus) keyboard shortcuts
104f9e4	100	100	0	keep	product	memoize dashboard meetingStreak computation with useMemo
2b137e1	100	100	0	keep	design	extract badgeSmall/badgePill shared styles, apply to 6 pipeline badges
9c69e7e	100	100	0	keep	ai	fix dashboard freeze: two-phase API loading + remove useState hover from 4 sub-components
2add8af	100	100	0	keep	data	eliminate N+1 in deal-heat: 3 bulk queries replace 3×N per-investor DB calls
a72a539	100	100	0	keep	workflow	add Cmd+L shortcut for follow-ups + add to command palette actions
160178f	100	100	0	keep	copy	fix dashboard React #310 crash + improve investor detail empty states
4a84b04	100	100	0	keep	competitive+ops	Server-Timing headers on pulse + deal-heat for performance observability
19d8c89	100	100	0	keep	strategy+design	fix disabled button states + Server-Timing on stress-test/velocity/momentum
08e860e	100	100	0	keep	engineering	eliminate hoveredRow re-renders in dealflow + memoize filtered list
2974efe	100	100	0	keep	ai+data	composite index on meetings + recalibrate enthusiasm scoring
66dbbf3	100	100	0	keep	copy+workflow	improve momentum error state with actionable guidance
ab35f06	100	100	0	keep	ops+competitive	memoize followup categorization + error logging for pulse background tasks
0671604	100	100	0	keep	engineering	remove unused date-fns dependency
def41c0	100	100	0	keep	product	dynamic button label on investor brief showing selected investor name
2c7e437	100	100	0	keep	data	fix followups index table name + covering index on (status, due_at)
e79169e	100	100	0	keep	design	add status-badge utility classes to design system
e397866	100	100	0	keep	copy	improve competitive intelligence empty state with actionable guidance
3fcba58	100	100	0	keep	ai+data+workflow	parallelize prediction logging + deduplicate momentum query + health loadedAt
76c5b5f	100	100	0	keep	strategy+ops+competitive	eliminate 7 hover useStates from intelligence page with CSS classes
d317571	100	100	0	keep	strategy+design	eliminate hover useStates from investors + forecast pages with CSS
f62ade4	100	100	0	keep	design+engineering	eliminate hover useState from documents page with CSS classes
6cd5c20	100	100	0	keep	workflow+competitive+ops	loadedAt on dealflow/velocity + eliminate 8 hover states from stress-test/velocity
316273a	100	100	0	keep	design+engineering	eliminate 10 hover useStates from term-compare + workspace with CSS classes
c897311	100	100	0	keep	product+competitive	eliminate 11 hover useStates from acceleration + data-room with CSS classes
eac2d55	100	100	0	keep	copy+ops+workflow	eliminate 7 hover useStates from today + pipeline + followups with CSS
8e792f7	100	100	0	keep	ai+data	eliminate 6 hover useStates from compare + parallelize db.ts flag creation
20fe066	100	100	0	keep	workflow+automation	eliminate 30 hover useStates + parallelize 3 db.ts loops
c4199df	100	100	0	keep	copy+ops	eliminate 27 hover useStates across 15 files (objections competitive deal-heat focus win-loss network timeline reports prep docs investors components)
a9453dc	100	100	0	keep	competitive+engineering	parallelize 3 db.ts heavy loops + memoize analytics/dealflow renders
5efbe68	100	100	0	keep	ceo+strategy	convert pipeline InvestorCard hover to CSS + dealflow export guard
d0a8295	100	100	0	keep	product+design	a11y aria-labels on pipeline cards + eliminate last JS hover handlers
214b2f0	100	100	0	keep	engineering+reliability	consolidate TierBadge/EnthusiasmDots/inlineBadgeStyle + 20 DOM hover→CSS
6c3f07b	100	100	0	keep	ai+intelligence	convert 48 DOM hover handlers to CSS across 12 files
f3998ed	100	100	0	keep	data+enrichment	convert 15 DOM hover handlers to CSS across 8 files
5b68172	100	100	0	keep	competitive	extract 25 inline style objects to module-level constants in page.tsx
f047d0c	100	100	0	keep	ops+reliability	extract scoreColor/timeColor helpers + 9 style constants in page.tsx
68b78d8	100	100	0	keep	product	dealflow retry button + data-room auto-refresh + pipeline skeleton 9 columns
508306d	100	100	0	keep	design+engineering	global-error CSS vars + pipeline useMemo + dashboard skeleton constants
4913131	100	100	0	keep	ai+data	scoring constant extraction + AI prompt dedup + safeParseJSON in 2 functions
94d4b22	100	100	0	keep	workflow+copy	visibility-based polling + followups style constants
ce0dc94	100	100	0	keep	competitive+ops	followup error revert + check-complete CSS + pipeline visibility polling
4962d5b	100	100	0	keep	ceo+product	meeting form validation + dealflow tier sort
7fd6247	100	100	0	keep	engineering+design	visibility polling on 3 pages + meetings style constant
6796a99	100	100	0	keep	ai+workflow	convert 11 DOM hover handlers to CSS in timeline + momentum
c5ef288	100	100	0	keep	data+competitive	eliminate ALL 18 remaining DOM hover handlers across 12 files — zero left
9846c5c	100	100	0	keep	ops+engineering	replace index-based keys with stable keys in 3 files (6 lists)
4638340	100	100	0	keep	copy+product	extract ~21 inline style objects to constants in win-loss + acceleration
5653a10	100	100	0	pass	workflow+competitive	extract 9+2 style constants in today+followups, fix hover+key in today
8dea6ab	100	100	0	pass	ceo+product	extract 6 style constants in settings, 3+StatCard in investors/[id]
34a823d	100	100	0	pass	design+engineering	extract 10 style constants across forecast/focus/term-compare (~38 objects)
d74b819	100	100	0	pass	ai+data	extract 6 style constants across win-loss/enrichment/capture (~53 objects)
6b2e47d	100	100	0	pass	ops+reliability	extract 5 style constants across velocity/compare/fomo (~21 objects)
7bc8bd4	100	100	0	pass	copy+competitive	extract 5 style constants across data-room/strategic/network (~26 objects)
c6120c3	100	100	0	pass	engineering+product	extract/replace style constants in analytics/meetings/momentum (~10 objects)
546f201	100	100	0	pass	ai+workflow	useMemo for filter/sort in today (1) and focus (2) — single-pass splits
8746477	100	100	0	pass	data+competitive	useMemo 6 derived computations in investors/[id] — timeline/followups/objections/tasks
5a8787d	100	100	0	pass	ops+reliability	single-pass pipeline stats (7→1 filter) + memoized forecast confidence split
ff903b0	100	100	0	pass	copy+design	useMemo acceleration (4→1 filter) + empty state CTAs + loading context
b7322b5	100	100	0	pass	engineering+product	compare empty state clarity + strategic loading label + objections CTA
9e1cdc8	100	100	0	pass	ai+data	extract icon14/icon12 to styles.ts — 20 inline objects eliminated in enrichment
4e2df25	100	100	0	pass	workflow+competitive	visibility polling meetings + capture 16 style objects extracted
1719a7b	100	100	0	pass	ceo+strategy	home page style constant replacement + strategic gap analysis
191bf72	100	100	0	pass	design+ux	loading context labels for analytics/focus/forecast skeleton states
8e957a2	100	100	0	pass	ai+engineering	useMemo bestType in win-loss (dedupe 2→1) + objections loading label
5f2941b	100	100	0	pass	ops+reliability	loading context labels for 7 skeleton states (followups/momentum/network/data-room/velocity/fomo/win-loss)
9486e21	100	100	0	pass	copy+product	useMemo objections 3 memos (worst/sorted/heatmap) + shared style constants (maxWidthCenter/cellCenter) + dealflow loading label
dfb519d	100	100	0	pass	design+ux	useMemo followups stats (6 computations) + maxWidthCenter across deal-heat/velocity/forecast (7 inline objects)
1e8d2a1	100	100	0	pass	engineering+ai	useMemo fomo (filteredInvestors+filterTabs) + compare (filteredInvestors) + sectionHeading const
db0b836	100	100	0	pass	workflow+competitive	useMemo momentum (maxOverall+anomalyIds) + analytics (3 sort chains) + strategic (dedupe dates)
34926fd	100	100	0	pass	ceo+strategy	useMemo home health score (7 values) + watching filter + today typeConfig to module-level
fd97ea1	100	100	0	pass	product+design	replace local style dupes: velocity tdCentered→cellCenter (6x), today flexColGap2→shared import
c5be900	100	100	0	pass	ai+data	useMemo investors (complex filter+sort) + timeline (5→2 filter passes) + deal-heat (filter+avgHeat)
2ca743d	100	100	0	pass	copy+competitive	perf: memoize filter/sort in health, meetings/prep, intelligence
c4aff72	100	100	0	pass	design+ux	perf: memoize meetings stats/momentum + workspace doc sort/group
0f20478	100	100	0	pass	engineering+ai	perf: extract module-level constants in meetings + pipeline
31d68c9	100	100	0	pass	workflow+data	perf: memoize competitive stats + data-room filters/size
43d237f	100	100	0	pass	ceo+strategy	perf: extract style constants in win-loss + acceleration
f0e5c1d	100	100	0	pass	product+copy	perf+ux: loading context labels + investor tag style extraction
badbd35	100	100	0	pass	ops+reliability	perf: extract doc/gen button base styles in workspace
3412334	100	100	0	pass	ai+competitive	perf: extract filter/sort button styles in fomo + dealflow
93f087d	100	100	0	pass	design+engineering	perf: extract metric/tab styles in today + objections
ca39b0f	100	100	0	pass	workflow+product	perf: extract pipeline card urgency/lastMeeting helpers
d4dd763	100	100	0	pass	copy+ops	perf: consolidate cardPad4 + textSmMuted to shared styles
1120a80	100	100	0	pass	ceo+data	perf: extract pipeline metric + quick action link styles
6923675	100	100	0	pass	product+design	Extract useMemo + constants in capture, new-meeting, network (3 IIFE→useMemo, 8 constants, 10+ inline replacements)
45760b3	100	100	0	pass	engineering+ai	Extract 5 lookup tables in momentum, tier/days helpers in velocity, sidebar error logging
805366b	100	100	0	pass	workflow+data	Extract inline styles in enrichment (4 constants) + stress-test (2 banner style records)
979d644	100	100	0	pass	ceo+strategy	Extract trendCardStyle + remove IIFE in strategic, momentum/enthusiasm helpers in stress-test
f0166fb	100	100	0	pass	product+copy	Convert IIFE date math to useMemo in terms page
e09bbf9	100	100	0	pass	design+ux	Extract 7 style constants in velocity investor table (tracking badge, velocity bar, action buttons)
74d0529	100	100	0	pass	ops+reliability	Fix O(n²) anomaly search in momentum heatmap → O(1) Map lookup
3173bfc	100	100	0	pass	ai+competitive	Extract filter + conviction button base styles in followups (9 buttons optimized)
a11be48	100	100	0	pass	data+workflow	perf: extract taskRowStyle + statusIconColor helpers in timeline page
a7032be	100	100	0	pass	copy+competitive	perf: fix O(n²) filter in skills page + add error logging in reports
b07ad74	100	100	0	pass	ceo+strategy	perf: memoize document grouping + extract deal-heat card styles
10b9fd7	100	100	0	pass	product+design	perf: eliminate IIFEs + extract tier badge/action styles in investors
b5d40cd	100	100	0	pass	engineering+ai	perf: extract sheet tab + save button styles in model page
7b2c467	100	100	0	pass	workflow+data	fix: add error logging to 10 silent catch blocks across 4 files
78a736d	100	100	0	pass	ops+reliability	perf: fix O(n²) critical path lookup + hoist tier styles + error logging
d744b61	100	100	0	pass	ai+competitive	fix: add context-tagged error logging to 10 catch blocks
a6b94ba	100	100	0	pass	design+ux	fix: add error logging to 8 catch blocks in workspace + today pages
a90eac6	100	100	0	pass	product+copy	Add console.warn to 20 remaining silent catches (investors, investor detail, documents, model, enrichment)
8a33410	100	100	0	pass	engineering+ai	Memoize pipeline statusGrid (O(11n log n)→O(n)), extract 7 forecast style constants from .map() loops
8c20150	100	100	0	pass	workflow+data	Extract 8 dealflow table row inline styles to module constants, reducing per-render allocations
e8e9f95	100	100	0	pass	copy+competitive	Extract 5 today overdue styles to constants, rewrite 3 intelligence empty states for clarity
e65278e	100	100	0	pass	ceo+strategy	Extract compare meetingTypeBadge + meetings trendConfig to module level, codebase audit clean
bd510e1	100	100	0	pass	product+design	Extract TREND_CONFIG, OBJ_TABS, VEL_CONFIG, ACCENT_COLOR_MAP from render loops
01a10cb	100	100	0	pass	engineering+ai	Optimize momentum 10K+ cell styles, extract strategic trendValueBase + win-loss funnelStageName
f8221b8	100	100	0	pass	workflow+data	Use cachedFetch in enrichment safeFetch, parallelize documents fetchDocs+fetchFlags
a21ead4	100	100	0	pass	ops+reliability	Extract PRIORITY_COLORS, EVENT_TYPE_COLORS from render loops, glanceDivider from IIFE
a59c056	100	100	0	✓	ai+competitive	Extract inline styles across 12 pages, velocity empty state CTA, workspace error tags
e486258	100	100	0	✓	design+ux	Extract 7 style constants from momentum/analytics .map() loops, single-pass forecast filter O(n)
c7fbd15	100	100	0	✓	engineering+ai	Fix O(n²) analytics heatmap, memoize win-loss/data-room, extract backlog/settings constants
72b035a	100	100	0	✓	workflow+data	cachedFetch competitive/documents, Promise.all data-room, 4 timeline style constants
d8fd88b	100	100	0	✓	copy+competitive	5 empty state copy improvements, cachedFetch in skills/reports/followups/documents
51006c8	100	100	0	✓	ceo+strategy	cachedFetch meetings/prep (5 GETs), 4 style constants extracted
c8ecc8f	100	100	0	✓	product+design	Pre-compute acceleration tab styles (4 constants), extract 2 skeleton constants
c210bb4	100	100	0	✓	engineering+ai	Add logging to 4 silent API catches, optimize EnthusiasmDots color pre-computation
f72762c	100	100	0	✓	workflow+data	cachedFetch in documents/objections/workspace/settings (5 remaining GET calls)
19b0c91	100	100	0	ok	ops+reliability	Deduplicate TYPE_LABELS_SHORT across 5 page files (-30 lines)
4af292f	100	100	0	ok	copy+competitive	Parallelize fetches, extract inline styles, pre-compute filter btn
d2c3394	100	100	0	ok	ceo+strategy	Remove re-aliased constants, delete unused style exports (-24 lines)
e7f80e9	100	100	0	ok	product+design	Extract filter chip + action card styles to module constants
5eef214	100	100	0	ok	engineering+ai	Extract inline styles from .map() in stress-test, competitive
1d0e733	100	100	0	ok	workflow+data	Extract inline styles from .map() in intelligence, health
eb931c1	100	100	0	ok	copy+competitive	Extract compare table cell + deal-heat card loop styles
da9a02d	100	100	0	ok	ceo+strategy	Extract inline styles from .map() in network, meetings
2e4a649	100	100	0	ok	product+design	Extract inline styles from .map() in intelligence, strategic
a5a45c6	100	100	0	✓	engineering+ai	Remove dead exports fmtPct and MS_PER_SECOND
31b5cf0	100	100	0	✓	workflow+data	Extract inline styles enrichment+win-loss loops, remove dead code
ab04c0e	100	100	0	✓	copy+competitive	Extract timeline loop styles, improve empty state copy
a363520	100	100	0	✓	ceo+strategy	Extract repeated styles in reports (4x) and workspace (2x)
f4c7168	100	100	0	✓	product+design	Model skeleton loading, terms style extraction + labelMuted dedup
7dbd581	100	100	0	✓	engineering+ai	Extract badge/name styles from fomo, velocity, analytics loops
6cef89d	100	100	0	✓	workflow+data	useCallback investor toggles, fix data-room extract 400 error
9cd0396	100	100	0	✓	copy+competitive	Add 'n' keyboard shortcut for new investor/meeting
ffff6d0	100	100	0	✓	product+design	Shared EmptyState component (7 pages) + term-compare keyboard shortcuts
b74d2e6	100	100	0	✓	engineering+ai	EmptyState to 4 more pages + meetings useCallback + badge extraction
9ed937a	100	100	0	✓	workflow+data	CSV export for velocity/backlog + EmptyState on focus/forecast/data-room
76ab83f	100	100	0	✓	copy+competitive	Improve error messages + button labels across 4 pages
7027d00	100	100	0	✓	ceo+strategy	CSV export on pipeline kanban board for board reporting
321f328	100	100	0	✓	product+design	EmptyState on analysis/followups/momentum (17 pages total)
233c742	100	100	0	ok	engineering+ai	perf: useCallback in pipeline + deduplicate inline labelMuted styles (5 files)
6116b82	100	100	0	ok	workflow+data	perf: deduplicate 17 inline labelMuted patterns across 5 pages (followups, deal-heat, network, fomo, win-loss)
433a8a8	100	100	0	ok	copy+competitive	perf: deduplicate 21 inline labelMuted patterns across 5 pages (settings, forecast, today, strategic, compare)
16d6f4d	100	100	0	ok	ceo+strategy	perf: deduplicate 20 inline labelMuted patterns across 8 pages (network, focus, acceleration, velocity, dealflow, terms, stress-test, capture)
170b137	100	100	0	ok	product+design	perf: extract static inline styles from .map() loops (focus, pipeline, followups)
ae887ec	100	100	0	ok	engineering+ai	perf: complete labelMuted sweep — 0 inline patterns remaining (8 files, ~75 total replaced across cycles 560-565)
9c0c24c	100	100	0	ok	workflow+data	feat: keyboard shortcut (R) on meetings prep — all 44 pages now have shortcuts
31388dc	100	100	0	ok	copy+competitive	copy: standardize 18 retry labels across 18 files ('Try again'/'Reload forecast' → 'Retry')
ded2928	100	100	0	pass	ceo+strategy	add aria-label to 3 icon-only buttons for accessibility
0ae1295	100	100	0	pass	product+design	add textSmSecondary shared constant, replace ~20 inline patterns across 12 files
3a7a91a	100	100	0	pass	engineering+ai	extract 5 skeleton style constants, replace ~20 inline patterns across 15 files
5643075	100	100	0	pass	workflow+data	settings skeleton, term-compare EmptyState, 9x textSmMuted dedup
c7520e3	100	100	0	pass	copy+competitive	page-subtitle consistency, 8x labelMuted dedup across 3 components
fb6182a	100	100	0	pass	ceo+strategy	eliminate 4 duplicate local constants, add cellPad shared constant
1f077df	100	100	0	pass	product+design	Extract kbdStyle/kbdStyleCompact constants (11 inline→shared), fix network refresh disabled+spin
cc784ca	100	100	0	pass	engineering+ai	Eliminate 8 per-render style objects in command palette render functions (.map loops)
8358ac8	100	100	0	pass	workflow+data	Extract labelMutedWide for section header pattern (11 inline→shared across 4 files)
8ca1c1a	100	100	0	pass	copy+competitive	Extract labelMutedTight (9 replacements/4 files), replace intelligence custom EmptyState with shared component
b6d0e94	100	100	0	pass	ops+reliability	Add Cache-Control no-store to 6 mutation endpoints (settings/tasks/followups)
ddf5deb	100	100	0	pass	ceo+strategy	Fix data-room empty state (raw p→EmptyState), replace 8 double-spreads with labelMuted in settings
8d39161	100	100	0	✓	product+design	aria-labels on 4 icon buttons + sectionHeading + labelSecondary dedup
432d829	100	100	0	✓	engineering+ai	eliminate 14 double-spread patterns across 4 pages + textSmTertiary
15fda63	100	100	0	✓	workflow+data	badge constant + textSmMuted dedup + forecast config extraction
69fe6f1	100	100	0	✓	copy+competitive	5 double-spreads consolidated + timeline EmptyState standardized
b8dde04	100	100	0	✓	ops+reliability	5 custom empty states → shared EmptyState (stress-test + enrichment + acceleration)
078d033	100	100	0	✓	ceo+strategy	extract 4 map-loop styles forecast + labelSecondary analytics + skills EmptyState
d3ce51d	100	100	0	✓	product+design	health error + model placeholder → shared EmptyState
2db82d0	100	100	0	✓	engineering+ai	compare: 7 inline style dedup (textSmMuted×3 + textSmSecondary + heatCounterStyle + labelMuted)
014a522	100	100	0	pass	workflow+data	perf(meetings): extract 8 inline style objects to module-level constants
c08c3b1	100	100	0	pass	copy+competitive	refactor(fomo,win-loss): EmptyState + extract table cell styles
e68c726	100	100	0	pass	ops+reliability	refactor: standardize 5 error/empty states to shared EmptyState
e24d773	100	100	0	pass	ceo+strategy	refactor: EmptyState + badge extraction in data-room, objections, enrichment
b614201	100	100	0	pass	product+design	perf(deal-heat): extract 5 heat card styles + 2 error state EmptyState fixes
73fecae	100	100	0	pass	engineering+ai	perf: momentum EmptyState + forecast tier badge extraction
98f84c6	100	100	0	pass	workflow+data	refactor(compare,objections): 4 custom empty states → EmptyState
d029413	100	100	0	pass	copy+competitive	cleanup: remove unused stSurface0 import + extract emptyStateText
1102ebe	100	100	0	pass	ops+reliability	perf(competitive): extract mtgContextLabel + mtgExpandedCard constants
4ed5728	100	100	0	pass	ceo+strategy	Keyboard a11y: pipeline checkboxes tabIndex+onKeyDown, RatingDots onFocus/onBlur parity
14f1893	100	100	0	pass	product+design	Perf: extract scenarioAmount/scenarioFooter/distBarTrack from forecast .map() loops
a652280	100	100	0	pass	engineering+ai	Perf: merge momentumUp/Down useMemo into single meetings stats memo
cbdc655	100	100	0	pass	workflow+data	Add loadedAt freshness timestamp to meetings page subtitle
ecc6f85	100	100	0	pass	copy+competitive	Fix 3 document.title mismatches: analysis, stress-test, term-compare
e393aa8	100	100	0	pass	ops+reliability	Add try/catch to data-room intelligence route + fix ErrorBoundary log tag
d386638	100	100	0	pass	ceo+strategy	A11y: add scope=col to all 62 th elements across 14 table pages (WCAG 1.3.1)
dd920e8	100	100	0	pass	product+design	Add loading skeleton to meetings page + extract pipeline compareBarStyle
606b9ac	100	100	0	pass	engineering+ai	Perf: extract 6 static styles from forecast (progressBar/legend) and followups (draftBoxes)
606	9c81b75	100	100	0	pass	workflow+data	Data freshness timestamps: focus, investors, pipeline, win-loss
607	0fe85ad	100	100	0	pass	copy+competitive	Standardize error copy: Could not→Couldn't, remove Please
608	7157c56	100	100	0	pass	ops+reliability	Fix silent catch, retry error handling, forecast style extraction
609	a93a76d	100	100	0	pass	ceo+strategy	R shortcut for meeting forms, momentum style extraction
610	3fd14cd	100	100	0	pass	product+design	Replace hardcoded px/rem with design tokens: forecast, settings, acceleration
611	fe38d5a	100	100	0	pass	engineering+ai	Extract skeleton/dot styles from .map() loops, fix console format
612	7a25c6f	100	100	0	pass	workflow+data	Aria-labels on form controls, fix hardcoded borderRadius in forecast
613	2f02b56	100	100	0	pass	copy+competitive	Replace hardcoded px with design tokens: velocity, win-loss, fomo, meetings
9a81f3a	100	100	0	✓	ops+reliability	Design tokens in enrichment/acceleration/intelligence + async safety in investor enrichment
8e8a793	100	100	0	✓	ceo+strategy	Design tokens: strategic (5 padding + marginTop), focus (2 borderRadius), today (2 borderRadius), velocity (3 borderRadius)
aefe910	100	100	0	✓	product+design	Design tokens: dashboard (4 borderRadius + 2 margins), meetings (7 badge paddings + 2 margins), focus (marginTop + 2 borderRadius)
6a4fd92	100	100	0	✓	engineering+ai	Design tokens: objections (3 paddings), win-loss (margin + borderRadius), fomo (4 borderRadius), enrichment (padding + code borderRadius)
e73ca7c	100	100	0	✓	workflow+data	Design tokens: today (7 paddings), network (5 paddings + margin), deal-heat (padding + margin), competitive (padding), compare (padding + margin)
192e02f	100	100	0	✓	copy+competitive	Design tokens: forecast (2 paddings), pipeline (2 paddings), terms (padding + margin), compare (padding)
185b929	100	100	0	✓	ops+reliability	Design tokens: investor detail (5 paddings), global-error (gap + 2 paddings)
f6ac2c3	100	100	0	✓	ceo+strategy	Design tokens: focus page (13 hardcoded values: margins, paddings)
bf57a62	100	100	0	✓	product+design	Design tokens: meetings (7 margins + padding), win-loss (8 margins)
9ffe84e	100	100	0	✓	engineering+ai	Design tokens: fomo (7 margins), dealflow (1 margin), enrichment (3 margins)
90aef21	100	100	0	✓	workflow+data	Design tokens: focus (8 values), pipeline (margin), intelligence (3 paddings), settings (kbd padding)
bab2cc7	100	100	0	✓	copy+competitive	Design tokens: today (6 margins), acceleration (marginBottom + padding)
696f48b	100	100	0	✓	ops+reliability	Design tokens: followups (2 margins), competitive (6 margins), deal-heat (2 margins)
72dc603	100	100	0	pass	ceo+strategy	Convert 20 hardcoded spacing values to design tokens in today + network pages
693c660	100	100	0	pass	product+design	Convert 22 hardcoded rem/px spacing values to design tokens in pipeline + followups + data-room
4ed93ee	100	100	0	pass	engineering	Convert 30+ hardcoded spacing values to design tokens across 18 files (margins + rem paddings + error pages)
ebd8374	100	100	0	pass	ai+intelligence	Convert remaining rem padding/margin values in pipeline + investors pages (11 values)
77e0cb6	100	100	0	pass	data+enrichment	Convert hardcoded borderRadius in 7 loading skeletons (24 values: 9999→radius-full, 3/2→radius-sm)
2d841b8	100	100	0	pass	workflow+automation	Convert last 5 hardcoded spacing/borderRadius values (stress-test, network, compare)
e02820e	100	100	0	pass	copywriting	Extract inline dimension styles from .map() to module-level consts in focus/page.tsx
e02820e	100	100	0	pass	competitive	Audit: codebase clean — zero any types, zero unhandled promises, zero debug console.logs
378c858	100	100	0	pass	CEO+Strategy	a11y: ARIA attributes, label-input linkage (15 inputs), keyboard nav overlay, aria-expanded toggles
022bbf3	100	100	0	pass	Product+Design	perf: extract 12+ inline style objects from map loops to module-level constants (intelligence, meetings/prep)
06950ba	100	100	0	pass	Engineering	a11y: aria-expanded on all expandable sections (6 pages), keyboard nav on data-room rows
3963186	100	100	0	pass	AI+Intelligence	perf: 14 inline ternary styles extracted to module-level constants (dealflow, momentum)
818df07	100	100	0	pass	Data+Enrichment	perf: extract inline ternary styles from map loops (compare tier badges, acceleration urgency)
dd86525	100	100	0	pass	Workflow+Automation	perf: extract static inline styles from map loops (4 files, 8 constants)
3567d8a	100	100	0	pass	Copywriting	a11y: aria-label on icon-only links (momentum, forecast)
7b74270	100	100	0	pass	Competitive	a11y: scope=col on all table headers (WCAG 1.3.1), aria-label on comparison table
76e978f	100	100	0	✓	ops	a11y: aria-label on 14 tables + scope=col on 4 headers + 7 inline style extractions
b9784b7	100	100	0	✓	ceo+strategy	feat: last-updated timestamps on timeline+skills; perf: 12 inline style extractions deal-heat+today
b44665f	100	100	0	✓	product+design	perf: extract 5 inline styles pipeline+skills
c7cb13e	100	100	0	✓	engineering	perf: 2 term-compare style extractions; a11y: 4 backlog aria-labels
0179e71	100	100	0	✓	ai+intelligence	perf: 9 inline style extractions velocity+strategic
dccad20	100	100	0	✓	data+enrichment	a11y: role=alert on 7 error displays; perf: 5 followups skeleton extractions
0bbc662	100	100	0	pass	Workflow+Automation	a11y: aria-label on all 31 select elements across 13 pages (WCAG 2.1 complete)
07975a5	100	100	0	pass	Copy+Messaging	perf: 14 inline style extractions in focus/page.tsx + copy: meetings/analysis empty state improvements
3b2ab85	100	100	0	pass	Competitive	perf: 13 inline style extractions in dealflow/page.tsx (header, table, legend, states)
9ac5791	100	100	0	pass	Ops+Reliability	ux: data freshness timestamps on intelligence, enrichment, analysis (15 pages now have loadedAt)
1fcb0d3	100	100	0	pass	CEO+Strategy	perf: 15 inline style extractions in network/page.tsx + a11y: aria-expanded on 2 collapsibles
37ce598	100	100	0	pass	Product+Design	perf: extract 11 module-level style constants from model + workspace pages (4 model, 7 workspace incl .map() callbacks)
870d295	100	100	0	pass	Engineering	perf: extract 10 module-level style constants from reports + objections (.map() GC reduction)
425f1d5	100	100	0	pass	AI+Intelligence	perf: extract 13 module-level style constants from data-room + timeline (5x input dedup)
f5c50d2	100	100	0	pass	Data+Enrichment	perf: extract 10 style constants from meetings/new+prep+investor detail (5x form dedup, 9-prop CTA)
db4500e	100	100	0	pass	Workflow+Automation	perf: extract 6 style constants from intelligence + stress-test (6-prop link styles in .map())
4a38159	100	100	0	pass	Copy+Messaging	copy: 3 actionable empty states (stress-test, data-room) + perf: 5 win-loss style constants
658cae0	100	100	0	✓	Competitive	Extract 4 module-level constants in fomo page: filterTabActive/filterTabInactive, pressureCardStyle, eventCardStyle
52d6c02	100	100	0	✓	Ops	Add res.ok guard on documents version history fetch to prevent silent JSON parse failure
8909886	100	100	0	✓	CEO/Strategy	Fix misleading compare empty state title, add error description to acceleration error state
664	2026-03-16T12:04:57Z	fix	fix: React error #310 — moved useMemo before early returns in momentum/forecast/acceleration	100	618297e	Performance+Stability
665	2026-03-16T12:07:12Z	fix	fix: React error #310 — moved useMemo before early returns in today/focus/fomo	100	10c78e2	Performance+Stability
666	2026-03-16T12:10:36Z	perf	perf: extract inline IIFE from pipeline kanban column headers	100	-	Product+Performance
667	2026-03-16T12:12:55Z	ux	ux: objection topic hover feedback + pipeline active filter ring	100	-	Design+UX
668	2026-03-16T12:14:51Z	fix	fix: stale closure in stress-test keyboard handler	100	-	Engineering
669	2026-03-16T12:16:59Z	intel	intel: check size scoring accounts for engagement when data missing	100	-	AI+Intelligence
670	2026-03-16T12:18:45Z	enrich	enrich: fuzzy dedup on portfolio auto-creation from enrichment	100	-	DataEnrichment
671	2026-03-16T12:20:49Z	workflow	workflow: copy-to-clipboard button on AI meeting briefs	100	-	Workflow+Automation
672	2026-03-16T12:22:17Z	copy	copy: clearer backlog empty state + reports error messages	100	-	Copywriting
673	2026-03-16T12:25:25Z	ops	ops: deduplicate investor lookup in meetings POST	100	-	Reliability+Ops
674	2026-03-16T12:27:09Z	feature	competitive: 'recent' badge for competitors mentioned in last 7 days	100	-	Competitive
675	2026-03-16T12:28:57Z	strategy	strategy: move Pipeline Pulse above-the-fold on Today page	100	-	CEO+Strategy
676	2026-03-16T12:30:38Z	product	product: unsaved changes dot indicator in workspace sidebar	100	-	Product
677	2026-03-16T12:31:56Z	design	design: wider gap on analytics summary cards grid	100	-	Design+UX
678	2026-03-16T12:33:33Z	perf	perf: extract score components array to module scope in focus page	100	-	Engineering
679	2026-03-16T12:34:44Z	intel	intel: add urgency guidance to meeting brief recommended_ask prompt	100	-	AI+Intelligence
680	2026-03-16T12:36:22Z	enrich	enrich: skip empty/null fields + log parse failures in engine	100	-	DataEnrichment
681	2026-03-16T12:37:45Z	workflow	workflow: context-aware empty state in timeline filter view	100	-	Workflow
682	2026-03-16T12:38:56Z	copy	copy: clearer model + skills empty states	100	-	Copywriting
683	2026-03-16T12:40:33Z	ops	ops: validate due_date in tasks POST to prevent invalid dates	100	-	Reliability+Ops
684	2026-03-16T12:41:58Z	feature	feature: contact decay warning on deal heat cards (14d+ yellow, 21d+ red)	100	-	Competitive
686	2026-03-16T12:46:14Z	Design & UX	fix(term-compare): fontWeight 500→400 for cell colors, restore 100/100	100	67b4271
687	2026-03-16T12:48:05Z	Product Manager	feat(backlog): empty state action button for first commitment	100	ee5fac9
688	2026-03-16T12:49:46Z	Design & UX	style(globals): row-actions opacity 0.4→0.7 for accessibility	100	26026ac
689	2026-03-16T12:53:44Z	Engineering	perf(strategic): extract repeated numPrimaryStyle constant	100	aa28661
690	2026-03-16T12:56:59Z	AI & Intelligence	feat(scoring): score mentioned_competitors engagement signal	100	38070a6
691	2026-03-16T12:58:36Z	Data Enrichment	fix(enrichment): unique index prevents duplicate records	100	259b7b7
692	2026-03-16T13:01:46Z	Workflow & Automation	feat(meetings): auto-task on competitive mentions	100	a5db0b9
693	2026-03-16T13:03:20Z	Copywriting	copy(acceleration): personal empty state description	100	d53e6b6
694	2026-03-16T13:05:50Z	Reliability & Ops	security(auth): no-store Cache-Control on auth response	100	e504ae7
695	2026-03-16T13:07:29Z	Competitive Edge	feat(pipeline): show Passed count in metrics bar	100	c16e040
696	2026-03-16T13:10:09Z	CEO & Strategy	feat(dashboard): deal heat replaces data quality in pulse strip	100	7fe09e9
697	2026-03-16T13:14:58Z	product-manager	timeline: show all 7 phases in quick stats (was sliced to 4)	100	ef1efd2
698	2026-03-16T13:16:34Z	design-ux	meetings: scale hover feedback on star rating buttons	100	3b935ae
699	2026-03-16T13:18:02Z	engineering	tasks API: validate phase against allowed RaisePhase values	100	2d97669
700	2026-03-16T13:20:28Z	ai-intelligence	scoring: integrate pricing_reception signal into engagement score	100	4a60303
701	2026-03-16T13:22:40Z	data-enrichment	db: batch enrichment inserts instead of sequential awaits	100	aa016c9
702	2026-03-16T13:25:34Z	workflow-automation	data-room: auto-infer category from paste filename	100	02e0b66
703	2026-03-16T13:27:22Z	copywriting	health: actionable intel verification fallback copy	100	45a44ee
704	2026-03-16T13:29:00Z	reliability-ops	api: wrap data-room intelligence POST in try/catch	100	ebdac22
705	2026-03-16T13:30:55Z	competitive-edge	dealflow: add enthusiasm + days-since-meeting to TSV export	100	8f4ab90
706	2026-03-16T13:32:52Z	ceo-strategy	dashboard: quantified gap metric replaces binary status	100	a177ace
707	2026-03-16T13:34:57Z	product-manager	backlog: fix export button label from CSV to Export	100	e3afe00
708	2026-03-16T13:37:12Z	design-ux	stress-test: hover styling on show-all toggle	100	d7bfa9d
709	2026-03-16T13:38:28Z	engineering	health API: guard against NaN from invalid dates	100	de60321
710	2026-03-16T13:40:16Z	ai-intelligence	scoring: penalize negative pricing signals (-3 each)	100	8b857ab
711	2026-03-16T13:42:06Z	data-enrichment	db: clamp enrichment confidence values to 0-1	100	01329a4
712	2026-03-16T13:43:32Z	workflow-automation	backlog: add N keyboard shortcut to open add form	100	52d80a1
713	2026-03-16T13:47:46Z	Copywriting	followups/page.tsx	Tighten subtitle: 3 sentences → 1 data-driven line	100
714	2026-03-16T13:51:39Z	Reliability & Ops	api/followups/route.ts	NaN guard on invalid due_at date parsing	100
715	2026-03-16T13:54:41Z	Competitive Edge	meetings/page.tsx	This-week meeting count in stats bar	100
716	2026-03-16T13:56:22Z	CEO & Strategy	page.tsx	Close-at-risk alert in quick actions when probability < 50%	100
717	2026-03-16T13:58:57Z	Product Manager	investors/page.tsx	Sort-by-status column with pipeline stage ordering	100
718	2026-03-16T14:01:06Z	Design & UX	velocity/page.tsx	Color-code raise timeline bar: warning at 80%, danger when overdue	100
719	2026-03-16T14:02:50Z	Engineering	lib/db.ts	Parameterize LIMIT in genericGetByField query	100
720	2026-03-16T14:04:53Z	AI & Intelligence	lib/scoring.ts	Factor slide engagement signals into scoring	100
721	2026-03-16T14:06:43Z	Data Enrichment	api/enrichment/route.ts	Avg confidence from fresh records only (excludes stale)	100
722	2026-03-16T14:08:09Z	Workflow & Automation	api/meetings/route.ts	Auto-create review task on poor meeting outcome (≤2 rating)	100
723	2026-03-16T14:09:58Z	Copywriting	deal-heat/page.tsx	Data-driven subtitle: N investors, M warm/hot	100
724	2026-03-16T14:11:30Z	Reliability & Ops	api/meetings/route.ts	Add Cache-Control no-store to meetings POST	100
725	2026-03-16T14:13:03Z	Competitive Edge	pipeline/page.tsx	Type icon in compact pipeline cards	100
726	2026-03-16T14:20:49Z	CEO & Strategy	Sidebar 23→11 items: removed 12 redundant nav items (Focus, Acceleration, Velocity, Momentum, Deal Heat, Forecast, Competitive, Objections, Intelligence, Data Room, Reports, Health)	100	0cd34d0
b4a0052	100	100	0	keep	product	Dashboard strategic overhaul: AI narrative brief + remove 4 duplicate sections (-208 lines, 15→10 sections)
728	CEO & Strategy	Investor readiness scoring — cross-page intelligence	/api/readiness + /dealflow + /today	100	976bd8c
729	Competitive Edge	Competitive threat matrix heatmap — investor × competitor	/competitive	100	0a7068a
730	2026-03-16T15:06:12Z	CEO & Strategy	Pipeline bottleneck detection — stuck investor analysis with AI actions	/api/bottlenecks + dashboard	100	b7c3866
731	2026-03-16T15:10:06Z	AI & Intelligence	Behavioral investor segmentation — 5 engagement pattern clusters	/analytics + /api/analytics	100	8e2205c
732	2026-03-16T15:18:24Z	Product Manager	AI outreach composer — stage-aware message drafting with 5 types	/api/compose + investor detail	100	c41b493
733	2026-03-16T15:27:52Z	Workflow & Automation	Fundraise calendar — month/week view with meetings, follow-ups, tasks	/calendar + /api/calendar + sidebar	100	1a1e5ec
734	2026-03-16T15:32:43Z	AI & Intelligence	Predictive close timeline — probability-weighted deal outcome forecasting	/api/investors/[id]/predict + investor detail	100	f583079
735	2026-03-16T15:36:31Z	Data Enrichment	Stale data auto-refresh — one-click enrichment refresh for outdated provider fields	/api/enrichment + investor detail	100	5157801
736	2026-03-16T15:39:52Z	Workflow & Automation	Weekly digest — automated fundraise status report with WoW metrics	/digest + /api/digest + sidebar	100	ba186de
737	2026-03-16T15:44:45Z	Copywriting	fix: improve copy in terms empty state and focus page null handling	src/app/terms/page.tsx, src/app/focus/page.tsx	05487a0
738	2026-03-16T15:49:57Z	Competitive Edge	feat: fundraise benchmarking dashboard with sector percentile rankings	src/app/benchmarking/page.tsx, src/app/api/benchmarking/route.ts, src/components/sidebar.tsx	ea5f7ce
739	2026-03-16T15:53:13Z	Reliability & Ops	fix: prevent interval leak on visibility toggle across 6 pages	src/app/page.tsx, src/app/dealflow/page.tsx, src/app/momentum/page.tsx, src/app/pipeline/page.tsx, src/app/today/page.tsx, src/app/data-room/page.tsx	8241c35
740	2026-03-16T15:57:25Z	CEO & Strategy	feat: investor targeting board with closing sequence + FOMO playbook	src/app/targeting/page.tsx, src/app/api/targeting/route.ts, src/components/sidebar.tsx	c4728ea
741	2026-03-16T16:00:40Z	Product Manager	feat: inline investor status editor on meetings page	src/app/meetings/page.tsx	3a804e0
742	2026-03-16T16:02:54Z	Design & UX	fix: improve table visual hierarchy and investor list scanability	src/app/globals.css, src/app/investors/page.tsx	4a0414d
743	2026-03-16T16:07:30Z	Engineering	refactor: extract useRefreshInterval hook, eliminating 7 duplicated patterns	src/lib/hooks/useRefreshInterval.ts + 7 pages	dbb1e27
744	2026-03-16T16:15:50Z	AI & Intelligence	Focus: Why Now intelligence explanations + top driver indicators for each investor	feat	src/app/api/focus/route.ts, src/app/focus/page.tsx
745	2026-03-16T16:21:39Z	Data Enrichment	Meeting prep: enrichment data integration into both prep APIs + AI brief context	feat	src/app/api/meetings/prep/route.ts, src/app/api/meeting-brief/route.ts
746	2026-03-16T16:30:45Z	Workflow & Automation	Pipeline search + stale filter	src/app/pipeline/page.tsx	Added investor search bar with / shortcut, stale deal filter toggle with count badge, Escape to clear, search across name/partner/thesis
747	2026-03-16T16:35:33Z	Copywriting	Rewrite empty states + error messages	13 files across src/app	Replaced generic 'Something went wrong' and 'No data yet' copy with contextual, actionable messages across investors, followups, focus, pipeline, today, competitive, network, analysis pages + 6 error boundaries
748	2026-03-16T16:41:31Z	Competitive Edge	Cross-investor intelligence UI + heat drivers	Wired /api/meetings/prep endpoint to meeting prep page with 4 intelligence panels (question patterns, competitive intel, network connections, proven responses). Added heat driver labels beneath dealflow badges. 291 lines of API intelligence now surfaced in UI.	BUILD_OK
749	2026-03-16T16:44:33Z	Reliability & Ops	LRU cache eviction + race condition fix	Added bounded LRU eviction to both client-side cache (500 max) and server compute cache (1000 max) to prevent OOM under load. Fixed investor status update race condition — re-reads status before resolving predictions to prevent contradictory outcomes.	BUILD_OK
750	2026-03-16T16:48:41Z	CEO & Strategy	Deal Mechanics page — dilution + exit payoff + decision framework	New /deal-mechanics page with 4 sections: dilution comparison table across all term sheets, exit payoff matrix (0.5x-12x with liq pref modeling), decision framework cards (signal analysis per term sheet), and valuation sensitivity table. Transforms term sheet data into actionable decision support.	BUILD_OK
751	2026-03-16T16:52:24Z	Product Manager	Post-meeting context cascade — next-step navigation	Added 'Next Steps' context cascade to meeting capture results: 4 action CTAs (execute follow-ups, prep next meeting, check deal momentum, review objections) with smart investor-scoped links. Closes post-meeting workflow dead-end.	BUILD_OK
752	2026-03-16T16:56:13Z	Design & UX	Granular bulk update feedback + in-flight action prevention	Bulk investor updates now track per-item success/failure with specific error messages naming failed investors. Focus page actions now track pending state — buttons disable during requests, show 'Creating...' text, prevent duplicate submissions.	BUILD_OK
753	2026-03-16T16:59:48Z	Engineering	Paginated meetings query + batch objection inserts	getMeetings() now has LIMIT/OFFSET (default 200) preventing unbounded result sets. Objection creation during meeting POST converted from N+1 individual INSERTs to single batch INSERT. Added createObjectionRecordsBatch() to db.ts.	BUILD_OK
754	2026-03-16T17:05:21Z	AI & Intelligence	AI tactical brief on investor detail page	New /api/investors/[id]/brief endpoint surfaces generateInvestorBrief() AI function (previously unused). Shows firm context, talking points, open objections with recommended responses, risks, opportunities, and suggested meeting arc directly on investor detail page. One-click generation with regenerate support.	BUILD_OK
755	2026-03-16T17:12:03Z	Data Enrichment	Add source tracking to partners/portfolio: DB migration adds source column, enrichment + AI research write source provenance, investor detail shows source badges on partners and portfolio table, enrichment page shows needs-API-key count separately	pass
756	2026-03-16T17:15:47Z	Workflow & Automation	Auto-create tasks on investor status transitions: nda_signed (data room prep), in_dd (DD materials + session scheduling), term_sheet (review + comparison), closed (onboarding). Activity logging for status changes.	pass
757	2026-03-16T17:19:15Z	Copywriting	Copy polish across 7 pages: actionable empty states with CTA buttons, specific button labels (Save Changes/Add Investor/Export CSV/Add Term Sheet), descriptive placeholders, tighter empty state descriptions	pass
758	2026-03-16T17:22:33Z	Competitive Edge	Surface prediction model calibration: new /api/calibration endpoint exposing Brier score + bias direction, investor detail prediction card shows model accuracy % and calibration label (well-calibrated/tends optimistic/tends conservative)	pass
759	2026-03-16T17:25:53Z	Reliability & Ops	AI client timeout reduced 120s→55s (Vercel-safe), meeting POST deduplication guard (prevents double-submit creating duplicate meetings + cascading duplicate tasks/followups within 60s window)	pass
760	2026-03-16T17:30:40Z	CEO & Strategy	New /decide page: investor focus ranking with composite score (stage proximity + engagement velocity + enthusiasm + momentum + staleness penalty + tier), time allocation guide (1hr/half day/full day), auto-generated 60-second narrative with copy button, at-risk investor count, per-investor action recommendations with rationale	pass
761	2026-03-16T17:33:20Z	Product Manager	Fix post-meeting workflow: meetings page outcome section now has Prep next meeting + View investor links after recording outcome, investor detail header has Prep Meeting button alongside Log Meeting	pass
762	2026-03-16T17:37:46Z	Design & UX	Responsive grids + hover states	Fixed hardcoded 4-column grids on decide/targeting/enrichment skeleton→repeat(auto-fit,minmax) for responsive layout; added hover states with border+shadow lift to focus ranking cards on /decide page	3 files changed	PASS
763	2026-03-16T17:40:08Z	Engineering	Acceleration route perf optimization	Pre-compute investor scores and meetings outside trigger loop; pre-bucket investors by tier for O(tier) competitive pressure detection instead of O(n) full-list scan per investor	1 file changed	PASS
764	2026-03-16T17:42:09Z	AI & Intelligence	Decision drivers + scoring recalibration	Added decision_drivers extraction to meeting analysis prompt (commitment language, timeline specificity, IC readiness, deal breakers, fund constraints); recalibrated discovery-phase scoring weights — Engagement Velocity 0.05→0.11, Momentum 0.09→0.06, Thesis Fit 0.22→0.19	2 files changed	PASS
765	2026-03-16T17:44:11Z	Data Enrichment	Granular enrichment error feedback	Toast now differentiates partial success/total failure; error banner categorizes errors by type (timeout/rate-limit/auth/generic) with colored labels for faster diagnosis	1 file changed	PASS
766	2026-03-16T17:46:44Z	Workflow & Automation	Keyboard shortcuts + overlay on daily view	Added ? shortcut to toggle keyboard shortcuts overlay on /today page; fixed-position hint badge; modal with shortcut list	1 file changed	PASS
767	2026-03-16T17:48:33Z	Copywriting	Button labels + placeholders + empty states	Button labels: Pipeline→Kanban View, Compare→Compare Investors, CSV→Export CSV; meeting placeholders with concrete examples; empty state copy more actionable; followup outcome placeholder improved	3 files changed	PASS
768	2026-03-16T17:52:32Z	Competitive Edge	Interactive What-If scenario panel on stress test	Added collapsible What-If panel with probability sliders for top 8 investors; real-time forecast delta calculation; reset button; accentColor on modified sliders — transforms passive read-only page into interactive scenario planning tool	1 file changed	PASS
